Órgão;Dotação;Empenhado;Liquidado;Pago
Departamento de Infraestrutura Viária;338857000,00;254344237,00;190381676,00;161837201,00
Instituto de Energia;126067000,00;89599802,00;65170764,00;56555389,00
Fundo de Habitação;58421000,00;33339499,00;23597813,00;21864150,00
Fundo de Assistência Social;21725000,00;14028516,00;12907653,00;12485182,00
Instituto de Defesa Civil;189532000,00;176855039,00;153295826,00;142859437,00
Fundo de Recursos Hídricos;132620000,00;74744924,00;68739005,00;64127208,00
Agência de Infraestrutura Viária;308471000,00;268785928,00;221474870,00;219478299,00
Fundo de Esporte e Lazer;278457000,00;215322282,00;198780184,00;180864264,00
Secretaria de Energia;228670000,00;211626834,00;149824836,00;134795837,00
Departamento de Segurança Alimentar;184232000,00;143418055,00;124473333,00;108806922,00
Agência de Esporte e Lazer;158369000,00;92125099,00;68273854,00;66517342,00
Departamento de Meio Ambiente;296653000,00;274785032,00;192375494,00;189674273,00
Departamento de Pesca e Aquicultura;423603000,00;328895205,00;282830639,00;261716397,00
Instituto de Esporte e Lazer;271252000,00;184158787,00;130174606,00;128185233,00
Instituto de Saúde Regional;113211000,00;72002300,00;53293029,00;48844107,00
Departamento de Cultura e Memória;140522000,00;77958705,00;67279914,00;59159902,00
Fundo de Ciência e Inovação;446696000,00;290450672,00;228940035,00;218010501,00
Superintendência de Desenvolvimento Agrário;85404000,00;80931779,00;61846384,00;59540567,00
Fundo de Infraestrutura Viária;269156000,00;175229395,00;143209145,00;138903411,00
Superintendência de Energia;293233000,00;162504419,00;148111285,00;142023131,00
Departamento de Desenvolvimento Agrário;197529000,00;148091457,00;114439611,00;98417855,00
Fundo de Turismo;383519000,00;284033499,00;232772363,00;219423896,00
Secretaria de Segurança Alimentar;448927000,00;360467546,00;278308376,00;241303889,00
Fundo de Cultura e Memória;261667000,00;164009751,00;138407298,00;119158823,00
Fundo de Meio Ambiente;187861000,00;165899981,00;118915665,00;115811626,00
Departamento de Recursos Hídricos;422703000,00;337512748,00;326355305,00;314486134,00
Fundo de Saúde Regional;342408000,00;268396748,00;220420445,00;212966492,00
Superintendência de Esporte e Lazer;109923000,00;73241077,00;64088492,00;60611048,00
Superintendência de Saúde Regional;191023000,00;165549763,00;150255987,00;149573529,00
Departamento de Defesa Civil;291152000,00;245336735,00;220039451,00;190308617,00
Superintendência de Habitação;212967000,00;148419841,00;105928690,00;91449653,00
Secretaria de Trabalho e Renda;226503000,00;176293236,00;167618603,00;148846967,00
Agência de Desenvolvimento Agrário;477776000,00;366870748,00;341145289,00;296617657,00
Superintendência de Defesa Civil;476314000,00;284489110,00;219662854,00;190821158,00
Instituto de Educação Básica;376639000,00;326412425,00;255652112,00;227105679,00
Secretaria de Educação Básica;376311000,00;254912894,00;209505178,00;183443605,00
Departamento de Esporte e Lazer;315363000,00;259147086,00;242780629,00;211938627,00
Secretaria de Juventude;461487000,00;344868331,00;259249123,00;229573315,00
Secretaria de Mobilidade Urbana;380934000,00;254509289,00;186641768,00;166415644,00
Agência de Segurança Alimentar;37428000,00;33432541,00;28588130,00;25908681,00
Superintendência de Assistência Social;114046000,00;87398926,00;81184559,00;72927959,00
Instituto de Turismo;208006000,00;118881236,00;93179740,00;79527685,00
Agência de Cultura e Memória;145294000,00;130073077,00;114047576,00;99098678,00
Secretaria de Cultura e Memória;361009000,00;219668523,00;163227154,00;157376632,00
Departamento de Energia;84098000,00;65607484,00;49664924,00;47120060,00
Superintendência de Recursos Hídricos;40794000,00;27935173,00;24523596,00;21306028,00
Departamento de Mobilidade Urbana;262252000,00;162636003,00;153640253,00;135065675,00
Departamento de Assistência Social;164321000,00;158245924,00;139082973,00;130041192,00
Agência de Mobilidade Urbana;25648000,00;16009825,00;11810189,00;10248587,00
Agência de Turismo;470669000,00;286161518,00;256510016,00;225896629,00
Instituto de Comunicação Pública;332119000,00;237964964,00;221513912,00;203263674,00
Secretaria de Desenvolvimento Agrário;96935000,00;85649323,00;62672125,00;59351775,00
Agência de Recursos Hídricos;310019000,00;254373486,00;196640334,00;191874090,00
Superintendência de Turismo;359749000,00;331160696,00;293324047,00;262094769,00
Fundo de Educação Básica;240528000,00;224024670,00;213436153,00;204610938,00
Fundo de Comunicação Pública;29346000,00;24197055,00;20543522,00;19059368,00
Secretaria de Defesa Civil;370190000,00;294915142,00;210684986,00;195532835,00
Agência de Ciência e Inovação;391525000,00;286634882,00;215187753,00;198557415,00
Agência de Assistência Social;93196000,00;74244651,00;65236713,00;56027177,00
Instituto de Juventude;264128000,00;233641595,00;182819003,00;181739720,00
